Instructor,ID
Jeffrey McMillan,518192
Erin Hawkins,2380208
David Garrison,2785964
Julie Grant,2586378
Andy Weaver,2829817
John Ledbetter,2858983
Carl Hollingsworth,1491849
Nicholas Krupa,2939177
Russell Madray,533470
Emily McCorkle,2233281
Mary Gibson,2822686
Caleb Martin,2878633
Jeremy Vinson,2420071
Greg McPhee,2439161
Babak Mammadov,2394089
Craig Hawkins,2999630
Ryan Polk,3030652
Philip Maiberger,1857783
Terry Knause,1866460
Annieka Philo,1748934
Charles Tegen,2369157
Jesse Gardner,2936651
James Barnes,1716099
Holly Hawk,2006782
Peter Schlicksup,2879754
Phebian Davis-Culler,2297203
Phoebe Davis-Culler,2313050
Brian Goodson,2592115
Dan Way,2637578
Jace Garrett,2057329
Nancy Harp,1851456
Courtney Yazzie,2844075
Robin Radtke,1866465
Lydia Schleifer,1166136
Suzy Pearse,1778890
Amy Donnelly,2363981
Brian Carver,1919131
Lisa Birtwistle,2319567
Sarah Martin,765948
Derek Dalton,1561480
Ralph Welton,752604
Kyle Anderson,1799405
Maryann Prater,434000
Candy Leuck,934544
Rebecca Trax,2260375
Daryl Guffey,478564
Tonya Smalls,2047425
James Irving,1806209
Frances Kennedy,434006
Alan Winters,372509
Sally Widener,1853345
Pitsa Johnson,754463
Tom Dickens,974037
Roger Doost,578146
Richard Dull,485998
Robert Littleson,555031
Lawrence Clark,595812
Alba Collart,2985990
Brian Bolt,499104
Ellen Vincent,2148157
Olga Massa,1413804
Susan Duckett,843911
Michael Vassalos,2575118
Dara Park,1856022
James Faust,2362611
Nathan Smith,3045709
Felipe Silva,3045713
Nishanth Tharayil,2564932
Jeff Rhodehamel,2344658
Ted Whitwell,1817111
ana thayer,2987155
Jeffery Adelberg,986289
Hunter Massey,1544250
Bob Polomski,1356094
Vidya SAMADI,2932434
Pedro Queiroz,2740059
Haibo Liu,390433
Catherine DiBenedetto,2367032
K. Dale Layfield,1781695
Kristine Vernon,796613
Phil Fravel,805111
Michelle Hall,376135
Lisha Zhang,2138201
Paula Agudelo,1870894
Thomas Straka,1940351
Charles Privette,2195596
Susan Guynn,2348378
Jessica Hartshorn,2546266
Peter Skewes,828967
James Rieck,531969
Jillian Fain,1006430
Wilder Ferreira,1738359
Jeff Atkins,1858326
Ashby Bodine,1065443
William Ward,1364756
Kendall Kirk,842360
Marlee Beckham-Marsh,1166440
Laura Morgan,924237
Parish Patel,961452
Jake Fravel,1721895
Olga Commy Isengildina-Massa,1413809
Young Han,1086368
Thomas Jenkins,1589785
Larry Grimes,1018702
Brian Bolt,1970162
Richelle Miller,1867658
Stephanie O'Brien,3043926
Richard Bruner,3056170
Nathan Long,2004078
Heather Dunn,1970163
Glenn Birrenkott,401566
Ahmed Ali,2681323
Mohammed Yousseif,2902646
Khaled Abdelaziz,2898000
Scott Pratt,2585563
Chelsea Sinclair,2361986
James Strickland,2320626
J. Bertrand,2312678
Joseph Bertrand,2281939
Gustavo Lascano,1976942
Farzana Ferdous,2385987
Celina Checura,2371971
Marie Bolt,2178871
Zheng Zhou,2439662
Tiffany Wilmoth,2130375
Johanna Johnson Lascano,2209044
Brandon Koch,2178862
Justin Williams,3050436
John Coggeshall,431205
Suzanna Tremblay,2726476
Lisa Rapaport,1053755
Katherine Weisensee,1203529
Rucha Ambikar,2975656
Yi Wu,2302250
Candace Rose,3001910
David Markus,2358774
Katie Shakour,2893512
Melissa Vogel,922302
Susan Probasco,836592
Steven Sculco,3055041
Sallie Hambright-Belue,1929563
Harrison Floyd,2902105
Doug Hecker,1047222
Lara Browning,2947666
John Gaber,2978347
Julie Wilkerson,2144988
chloe voltaire,2999866
Sida dai,2999863
Dustin Albright,2435313
Victor Vitanza,758278
Dan Harding,1435824
Peter Laurence,1202226
Timothy Brown,2144981
Berrin Terim,2604964
Timothy Sutherland,2435303
Hala Nassar,1459974
Michael Kleiss,2692209
Brandon Pass,2858974
Kyle Kiser,2858955
Bryan Beerman,2846803
Amy Trick,2758305
Byron Jefferies,2758307
Virginia Melnyk,2632244
Caitlin Dyckman,1495359
Harry Harritos,24093
George Schafer,1830025
Robert Bruhns,929892
Dave Lee,1337518
Robert Silance,776021
Criss Mills,593828
Carlos Barrios,2145001
Bob Hogan,470740
Martha Skinner,95084
Armando Montilla,1427368
David De Vita,1051134
Annemarie Jacques,504975
Ron Rael,528303
Pernille Christensen,1592431
James (bo) Garland,1505206
Tarek Mokhtar,1397406
Anthony Threatt,1522531
David Nocella,1139250
Henrique Houayek,1268602
Yushi Kishimoto,888515
Kourelis Konstantino,749091
Francis Chamberlain,1309701
Richard Norman,779940
Umit Yilmaz,58291
Joey Manson,2320969
John Cummings,2942180
Anderson Wrangle,1253789
matthew batty,2737356
Daniel Bare,2299370
David Donar,1537490
Brooke Day,2754421
Christine Hung,1937030
Katherine Clark,1269076
Mark Brosseau,2549675
Carey Morton,2269718
Carly Drew,1906059
Mary Cooke,2133018
Kathleen Thum,1785845
Lynette House,1727524
Thomas Schram,1649386
Mandy Ferguson,2901571
Beth Anne Lauritis,1493355
Lydia Dorsey,1966334
Janet Leblanc,442959
Ariel Plotek,1200792
William Lew,489493
Weena Perry,1347720
Jim Morris,498821
Tyler Harvey,2547021
Margarita Bruce,2916654
Ying Mei,3006344
Vertegel Alexey,1313626
Brian Booth,2437921
Jiro Nagatomi,2437923
Ken Webb,2890147
Sarah Harcum,1313628
John DesJardins,2413659
Delphine Dean,3011742
Lucas Schmidt,2815355
Renee Cottle,2407411
William Richardson,2594711
Samuel Coeyman,2436315
Vladimir Reukov,2193508
Dan Simionescu,1881597
David Kwartowitz,1573297
Lisa Bain,1267164
Chandler Goldman,2923271
Megan Novak,2757142
Nora Espinoza,1197364
Donald Hagan,1775318
Donna Weinbrenner,2599972
Michael Sehorn,1217580
Cassandra May,2611850
Aimee Deconinck,3036015
Virginia Abernathy,2512553
Kelly Willemssens,2858964
Christine Minor,262425
Aimee Deconick,3036014
Michael Harris,2637516
Alex Feltus,1467657
Lisa Wagner,2556308
David Feliciano,1897138
Kaustubha Qanungo,2512141
John Cummings,756882
Nathan Redding,2515663
Qing Liu,2916043
David Moulton,2942996
Lesly Temesvari,1045489
Tafadzwa Kaisa,2397134
Peter Van Den Hurk,1420946
Kylie Rock,3052606
Lorena endara,3012963
Matthew Koski,2644094
T.K. Kaisa,1120107
Margaret Ptacek,939049
Geoffrey Ford,2370075
Shari Rodriguez,1798273
Vincent Gallicchio,1790028
Jeremy Tzeng,1040689
Juan Migules,1888469
Brandon Peoples,2522647
Alexis Stamatikos,3009120
Jason Fridley,3002408
Tamara McNutt-Scott,353558
Susan Chapman,1279843
Norman Wickett,2897013
Krissa Skogen,2890925
Anjelika Kidd-Weaver,2970356
Rick Blob,617519
Michael Childress,518872
Lauren Franklin,2838681
Harry Kurtz,625624
Salvatore (Sam) Sparace,1639245
Vincent Richards,2205423
Charles Rice,1740834
Sam Sparace,801742
Kimberley Paul,981913
Allison Mann,2819220
Troy Farmer,2522645
Douglas Bielenberg,615940
Zhicheng Dou,2252888
Renea Hardwick,1785304
Kara Powder,2352226
Lisa Rapaport,2165015
Kayley Stallings,2646650
Jennifer Hodge,2691658
Samantha Price,2356560
Savini Thrikawala,2730798
Peter Marko,1430327
Sharon Bewick,2409488
Yanzhang Wei,1864151
Russell Barrett,2400423
Xianzhong Yu,2454175
Suchitra Chavan,2645227
Wen Chen,2400951
Matt Turnbull,1943228
Patrick McMillan,1405180
Robert Kosinski,460011
Dylan Dittrich-Reed,1850809
William Baldwin,1487872
John Hains,805925
Christina Wells,1854903
Andrew Mason,2436690
William Surver,369544
Shala Hankison,796692
Chad Mansfield,2173957
Sina Safayi,1717168
Kerry Smith,987350
Michael Sears,1784465
Joey Thames,2128213
Kathryn Sparace,1063795
Srikripa Chandrasekaran,1952469
James Davis,1558468
Thomas Scott,782546
Drew Lanham,1705889
Thomas Hughes,379564
Vic Shelburne,1084580
Kalan Ickes,1354458
Abby Babcock,752032
Tim Spira,417742
Skip Still,1749075
Pat Zungoli,841485
Heather Walker,1355639
Takashi Maie,1430481
XI Yang,1860137
Ric Garcia,283396
Katherine Weeks,1437312
Harrison Taylor,1812073
Jean Dickey,528102
Jinbo Song,1233668
Robert Baldwin,984693
Edward Pivorun,260911
Jason Denton,1110465
Gary Powell,374921
Saara Dewalt,981260
Anna Smolen,980440
A. Denny Smith,189287
Calvin Schoulties,1069913
Andy Sayer,1286613
Tim Higham,1272606
Patricia Mickelsen,1277001
Stephanie Stocks,848773
Gabe Rivera,1234064
Hari Kotturi,916012
Katheryn Kleppinger-Sparace,758487
Jerry Waldvogel,370277
Robert Ballard,1168224
William DiNardo,2564447
Jacques Lu,2956345
Phillip Entzminger,2956344
Bill Tumblin,1954937
Christopher Edwards,2547840
Kevin Flynn,2714291
Monica Christensen,3009017
mark Jones,3000683
Chukwuma Nwoye,2926489
Keith Hudgins,2649136
Paul Bonney,2819351
Matt Fields,3046140
Wayne Stewart Jr,1203727
Francis McGuire,2893125
Serita Acker,3054820
Neil Monaghan,2537350
Hyunji Suh,2870657
David Onan,2946183
Alexis Kennedy,2765434
William Kettinger,2411844
Coleman Glaze,2899610
Zhihong Ke,2684059
Steve Edwards,2929890
Sukran Atadeniz,2269333
Corey Brookoveer,2610138
Michael Mino,2037631
John Hannon,2252642
Keith Balts,2686168
Yao Chen,2641235
Robbie Fitzwater,2570851
Tyler Melton,2686029
Tom Zagenczyk,888544
Priscilla Harrison,2671384
Jesse Godfrey,2543681
Matthew Klein,2411842
Kathy Clark,2585349
Alex Hazleton,2635719
Sandy Edge,245574
Donna McCubbin,1716758
Michael Cole,1493861
Janis Miller,191412
Karl Kelly,2479767
Prashant Prabhu,2403592
Dennis Lester,2370519
Anthony Valentini Ii,1638840
Lance Young,1204365
Tina Robins,1269075
Kevin Matthews,2075981
Michael Giebner,1947614
J Wayne Patterson,903428
Gregg Thomas,1493856
Michael Crino,281245
Ashok Yadov,2928973
Joseph Thrasher,1950319
Stephen Schvaneveldt,877511
Tingting Han,3045102
Leah Casabianca,2820930
Trey Williams,2726948
Diane Delach,2906762
Dennis Taylor,737550
Tania Houjeiry,1846530
Ashlyn Smith,2639809
Jacob Schroeder,1494789
Sooyun Choi,2815115
Olt Geiculescu,1750705
Diana Delach,2825916
MyCia Cox,2374936
Shiou-Jyh Hwu,1274607
Thomas Hickman,1608951
Elliot Ennis,2059119
Destinee Cooper,3059449
David Jacobson,3016547
Rhett Smith,887440
Perla Sauceda,2848005
Beena Thomas,2838776
James Plampin,2278289
Heidi Dodson Anderson,2595050
Princess Cox,2194850
Ashok Yadav,3002089
Vivian Ezeh,2599981
Mojirade Mafimisebi,3048348
R. Ken Marcus,607778
Jeffrey Anker,1169743
David Helm,2929693
Modi Wetzler,1604181
Bryan Bill,2181824
Daniel Whitehead,1604807
Charles Williams,2713901
Muhummad Al Amin,2822633
Christopher Chouinard,2830826
Byoungmoo Kim,2789751
Dvora Perahia,607767
Thao Tran,2545895
George Chumanov,1902438
Adam Siegfried,1229398
Brian Dominy,978360
Laura Lanni,2187352
Matthew Graham,2723147
Steven Stuart,751644
Paola Benavides,2553109
William McWhorter,2182239
Liangjiang Wang,1974210
Julia Brumaghim,774912
Mahsa Foroughian,2587981
Khushi Patel,2520891
Erina Mills,2480461
Bhakti Patel,2523291
Dev Arya,11225
Liaoran Cao,2484990
Steven Pellizzeri,2419470
Hamidou Keita,2482598
Sourav Saha,2303843
Barbara Lewis,1011202
Dennis Smith,647463
Nicole Hostetter,2328866
Bill Pennington,274425
Ava Kreider Mueller,1950285
Mary Salazar,933214
Sonja Underwood,1094526
Gautam Bhattacharyya,1106720
Sean O'Connor,729354
Christopher Wilson,1941714
William Wallace,2041974
Jason McNeill,592132
Kenneth Rillings,198214
Karen Pressprich,1189215
Ken Christensen,1184684
Jeff Appling,78049
Evy Colon-Garcia,1712486
Stephanie McCartney,1870368
Arkady Kholodenko,1623215
Michael Kilbey,610993
Daniel Hercules,1883937
Andy Tennyson,1493871
Ben Manard,1458315
Palmer West,756096
Tugba Kucukkal,1753509
Sravanti Ambati,552224
Melanie Cooper,329974
Stephen Creager,607776
Craig Stanton,1362354
Nick Shaw,1015085
Kenneth Tackett,1608973
Karl Dieter,1043429
Carlos Garcia,1281101
Arya Priya,1116640
Brad Morgan,1348898
Nathaniel Grove,1201995
Seon Hepburn,1193447
Suzanne Ellenberger,710210
Katie Hilbert,758381
Zachary Koontz,1349378
Santiago Sandi-Urena,1208694
Guillermo Sandi,1206577
Omar Amer,2631275
Farhang Forghanparast,2900680
Jennifer Ogle,2189138
Michael Stoner,2649633
Amir Esmaeilpoursaee,1980835
Zoroya Rockow,2901504
Melissa Sternhagen,1283748
Kent Nilsson,1717405
Ronald Andrus,2730149
Fabricio Leiva,2998694
Kalyan Piratla,2900849
Qiushi Chen,2189133
Nadarajah Ravichandran,2462697
Omar Abuodeh,2900697
M.Z. Naser,2638561
Thomas Cousins,2005344
Brandon Ross,2017633
Sara Khoshnevisan,2250382
Md Chowdhury,2487300
Sezer Atamturktur,1805768
Md Chowdhurry,2536160
Mahmood Soltani,2349645
Steve Sanders,1393485
Leidy Klotz,1505118
Enamur Latifee,1864209
Yongxi Eric Huang,1835041
James Gibert,1682117
Joe Jones,1716101
Jeffrey Plumblee,1562173
Lansford Bell,1426127
Kenneth Tuite,2534449
Valerie Oonk,2693486
Eileen Hegel,931121
Caitlin Baker,1974712
Sara Crocker,1771157
Morgan Team,2988987
Leland Fecher,1884778
Marianne Glaser,276365
C.J. Brewer,2491330
Marshall Covert,2437040
Elizabeth Gilmore,2467065
Gregory Cranmer,2207995
Kevin Bryant,2883052
Vanessa Condon,2082722
Ribqah Walker,2836938
James Gilmore,2435008
Ashley McKenzie,2931313
Sam Hakim,2947821
Mattelyn Garza,2948627
Andrew Pyle,1937791
Ashley Pikel,2490556
William Ratliff,2747697
Daniel Fecher,2396634
Erin Ash,1852155
Lori Pindar,2061662
Sarah Crocker,2370119
Alexis Zachary,750591
Alyssa Davis,1804422
Virginia Harrison,2662952
Skye Wingate,2883845
Daryl Wiesman,480327
Samuel Hakim,2793207
Darren Linvill,1043315
Katie Driggs,2746794
John Plumblee,2913957
Shawn Haney,2960407
Nigel Robertson,2971343
Lindsey Dixon,2378647
Brandon Boatwright,1642332
Madison VanWalleghen,2784713
Bailey Troutman,2947481
Bryan Denham,453707
William Henderson,2731958
Jumah Taweh,1996058
Cormick Stockham,2844910
Sai Datta Mikkilineni,2548991
Eric Rodgers,2815303
Christopher Wasilewski,1844212
Jackie Herr,2746799
Christina Mazer,2515984
Kimberly Harp,766624
Mark Barnes,2590783
Wanda Johnson,1708305
Katie McElveen,2369531
Pauline Matthey,1766491
Joseph Mazer,2008508
Stephanie Ruhl,2078897
Michael Newton,2363859
Eddie Smith,351901
Amanda Moore,2317587
Katie Barnes,2030133
Melissa Jacobs,2166172
Chenjerai Kumanyika,1886119
Marilyn Pugh,1893828
Mihaela Vorvoreanu,1137082
Christoph Kresse,2017555
Katherine Hawkins,773083
Taylor Wilson,2074905
Meagan Drye Wolfe,1380044
Katie Schoonover,1770958
Melinda Weathers,1852157
Stephen Puckette,1951466
John Spinda,1853619
Brenden Kendall,1524621
Dianna Conley,1197192
Kayla Steele,1832464
Travis Sanchez,1774371
Cheryl Lossie,1070145
Colleen Dungey,1687216
Mac McArthur,780073
Dev Bose,931621
Rebecca Shepherd,1743015
Madeline Blair,1655706
Caroline Parsons,173447
Ardyce Kinerd,1509907
Glenn Southergill,1576136
Sergio Figueiredo,1056739
Jacob Wood,972898
Wendy Blanchard,1206525
Hillary Hoover,1069168
Stephen Lind,1530324
Carrie Dupre,1349384
Turner Vaughn,1498303
Princess Williams,831101
Shannon Holland,1226916
Charles Parrott,369642
Kelly Lauridsen,401384
Jerry Drye,911928
Andy Billings,589508
Curtis Newbold,1168223
Margi Engineer,3029604
Svetlana Drachova,2521627
Brian Dean,1574004
Christopher Plaue,2087729
Dan Wooster,2827617
Yvon Feaster,1982679
Rose Lowe,171738
Ryan Patrick,2928909
Catherine Kittlestad,2690374
Alexandra Adkins,2817008
Mitch Shue,2787373
Manveen Kaur,2711439
Mark Smotherman,533417
Tim Ransom,2950909
Andrew Robb,2415648
Nicolas Widman,2415640
Matthew Re,2964605
Zhenkai Zhang,2764047
Wayne Goddard,395872
Cathy Kittelstad,19586
Jacob Sorber,1781398
Ran Xu,2855722
Mathew Re,2956664
Federico Iuricich,2491278
Robert Geist,185965
Connie Taylor,2745312
Ioannis Karamouzas,2733424
Andrew Duchowski,602674
Kai Liu,2566901
Roger Van Scoy,2398025
Sabarish Babu,1511216
Kelly Caine,2309336
Emma Dixon,2824555
Mert Pese,2886005
Evan Kessler,2871592
Nianyi Li,2853350
Daljit Singh Dhillon,2736768
Sandra Hedetniemi,402148
Nina Hubig,2575582
Julian Brinkley,2683377
Yu-Shan Sun,2522912
Jeffrey Young,2793623
Paige Rodeghero,2525157
Hongxin Hu,2035017
Feng Luo,1178117
Rong Ge,2594854
Carrie Russell,2639385
Alexander Herzog,2236821
Pradip Srimani,1634380
Craig Baker,2746633
Brian Malloy,140768
Eileen Kraemer,2172909
Long Cheng,2556171
Abolfazl Razi,2777995
Sophie Joerg,2659800
Xiang Li,2676387
Jim Martin,2659802
Shuangshuang Jin,2594855
Kevin Plis,2177791
Sal LaMarca,2234270
Zijun Wang,1128002
Murali Sitaraman,411439
James Martin,624382
Larry Hodges,2079904
John McGregor,889484
Catherine Hochrine,1997897
Nathan McNeese,2653559
Jerry Tessendorf,2652966
Cheng Guo,2642632
Donald House,2523218
Federico Luricich,2490308
Paige Rhodeghero,2454968
Andrew Hill,2448550
Joshua Levine,1918850
Carl Martin,491722
Ilya Safro,1873426
Bart Knijnenburg,2251419
James Jones,533387
Stephen Schaub,2131411
Sekou Remy,1888833
Roy Pargas,385898
Patrick Sterling,490793
Renee Lambert,926924
Raghuveer Mohan,1936530
Yates Monteith,1716882
James Westall,533401
Damon Woodard,1606796
Tim Davis,602686
Chad Waters,1867881
Lauren Dukes,1864076
Juan Gilbert,1840929
David P. Jacobs,12569
Mike Murphy,1109821
Jason Hallstrom,760434
Kenneth Weaver,449217
Sally Wahba,1714444
Sebastien Goasguen,1423539
Shashi Chinthakindi,602130
Steve Stevenson,370261
Casey Johnson,1574344
Alan Madison,793511
Akhil Aggarwal,836577
Kirk Bingenheimer,2963464
Harniss Sharma,2772051
Alastair Boulding,2832214
Joe Burgett,2578130
Shima Clarke,281247
Dhaval Gajjar,2455252
Bob Coffey,2356786
Jason Lucas,1782408
Robert Seel,2283473
Joseph Wintz,1201271
Chris Piper,491846
John Marks,3039391
Marjie Britz,2685530
William Casey,3043854
Kyle McLean,2637336
Nate Brooks,2753305
Gary Clary,2930426
Kristin Lloyd,3004575
Rhys Hester,2422664
Jenae Harris,2961732
Nasaskyia Hicks,2930193
Kristen Lloyd,2960908
Brian Pitman,2947726
Nile Crocodile,1060140
Jose Torres,2843190
Holly Williams,2917918
Catherine Burton,2745229
Shelagh Dorn,2482494
Bryan Miller,2513629
Tiffany Edwards,2529953
Brian Starks,2655520
Angelia Turner,2301559
David Williams,2081330
Dave Williams,2206715
Dan Wagoner,866687
Aubrey Coffee,1265910
Michelle Parisi,1113709
Thomas Schurch,1609895
Cecile Martin,178038
Meredith Morris,1123666
Jingyun Hu,3053495
Kendyl Guzman,3077680
Lawrence (Reed) Watson,2562313
William Dougan,1770423
Benjamin Jaros,3009826
Frederick Hanssen,1562890
Matthew Eaton,3029441
Chuck Thomas,745257
Jonathan Leganza,2745358
Alex Kanode,3053206
Guo Li,2969206
Daniel Benjamin,104596
Carol Sweeney,2947816
Titir Dey,2719391
Youwei Xing,2723025
Bradley Hobbs,2197759
Travis Mclain,3045906
Jacob Campbell,2927118
Michal Jerzmanowski,1372268
Robert Tamura,437022
jonghyeok choi,3045387
Molly Espey,791762
Patrick Warren,1279020
Meghna Laha,3048659
Daria Litsukova-Bokar,941157
Srijan Banerjee,2727053
Howard Bodenhorn,1265902
Frederick Hansen,2728771
Puskar Khanal,2546014
Devon Gorry,2366407
Krishna sharma,2772301
Yan Hao,2968619
Cheng Chen,2796505
Yichen Zhou,2641107
Benji Stalvey,3043847
Mason Bixenman,2688460
Ward Reesman,2750449
Scott Templeton,1959336
Vitor Melo,2730556
Thomas Hazlett,2366404
Benjamin Posmanick,2326068
Miren Ivankovic,1493546
Krishna Khatri,2593853
Christopher Gorry,2683828
Tom Evans,2826355
Rob Fleck,1715174
Curtis Simon,469676
Michel Jermanzowski,765163
David Willis,1265884
Scott Baier,563754
Benjamin Schwall,2177789
Micah Thomas,2815117
Michael Makowsky,2439504
Hugo Pereira,2733200
Robert Fleck,2378201
Smriti Bhargava,2176807
Annaliese Winton,2769127
Fatma Karaman,2844860
Scott Barkowski,1988591
Matthew Lewis,2859019
Cory Simpkins,2653605
Yinlin Dai,2684030
Santiago Soler,2783060
Tabitha Knott,2687809
Mustafa Alam,2735189
Terrence Jewell,2674806
Raymond Sauer,1853037
Jacob Lamb,2813411
Kevin Tsui,1088833
Yanchen Wu,2770518
Aspen Underwood,2585323
Guncha Babajanova,2591341
Kenneth Whaley,2508447
Majid Hashemi,2555867
Tyler Francis,2400244
Chris Kirby,716325
Shubhashrita Basu,2535892
Jorge Garcia,2550382
Elijah Neilson,2438219
Jeremy Choquette,2274911
Ron Gregory,2370205
Shannon Graham,2540937
sarah wilson,2328980
Robert Tollison,828623
Jonathan Ernest,2096429
Benjamin Harbolt,2311184
Richard Sessa,2058852
Chen Wang,2327559
Liuna Issagholian-Hadani,2252414
Jacob Walloga,2321410
Roksana Ghanbariamin,2189906
Kelsey Roberts,2131868
George Apperson,1850780
Steven Johnson,2107848
Ralph Allen,1220277
Sergey Mityakov,1198298
Timothy Bersak,1808092
Liliana Danila,1230351
Roxana Ghanbariamin,2307780
Maria Droganova,2057644
Adriana Cordis,918964
Leah Kitashima,1909437
Amanda Kerr,2205411
Laura Lamontagne,1626383
Mallika Garg,1840654
Jacob Burgdorf,1915557
Dan Wood,1408149
Alex Fiore,1980321
Timothy Bacon,1938039
Adam Millsap,1796570
Jaqueline Oliveira,1888827
Andrew Swanson,1896727
Webb Smathers,1265877
Peter Lorenz,1942018
Danielle Zanzalari,1687159
Wesley Harris,1646539
Yukun Sun,1874537
Lyudmyla Sonchak,1769337
Meng Liu,1892378
David Hughes,1889703
Dennis Placone,307262
Tomas Cvrcek,1318312
John Devin Shippey,1602514
Anca Tifrea,800567
Richard Gearhart,1640104
Laura Timmerman,1639106
Anthony Jones,1202248
Richard Bruns,1495374
Sarmistha Pal,1567975
Todd Schoellman,1043145
Matthew Clance,1525034
Adam Blott,1423060
Kris McWhite,614652
Margarita Portnykh,1625083
Viola Simpson,1318059
Nancy Huff,1493790
Daniel Miller,1356873
Inna Cintina,1238748
Charles Curtis,918725
Ovidui Lasca,1088972
Katie Sobczyk,1241605
Sherry Jensen,1383121
Janeann Coetsee,1029763
Cotton Lindsay,1172229
Ben Compton,1065236
John T Warner,947573
Christy Redmon,1053724
Natalie Carter,2590083
Farhana Afroz,3074950
Hilary Tanck,2557470
Sheliah Durham,2859000
Richard Yeargin III,2927999
Jennifer Partridge,2903936
Kimberly Johnson,3031927
Susan Whorton,2452989
Elizabeth Baldwin,1387935
Zach Hurley,3004281
Meihua Qian,1976206
Monique Elmore,2991785
Deepika Sistla,2899123
Amanda Bennett,2957276
David Scott,1777134
Cynthia Deaton,1224932
Mark Mellott,1974380
Sharon Walters,2718834
Heather Brooker,1785307
Ryan Visser,765172
Alison Leonard,2895635
Cinnamon Bailey,2751597
Royce Parker,2737939
Megan Che,2725218
Jill Shelnut,2554946
Shanada McFadden,2770784
Hazel Vega Quesada,2785707
Mary J. Price,919253
Nafees Khan,2536188
Shuyu Huang,2693873
Rhoda Latimer,2626031
Bea(trice) Bailey,926069
Breanna McKnight,2764098
Faiza Jamil,2079717
Luke Rapa,2741705
Jacquelynn Malloy,1867382
Jordan Stierle,2688468
DeOnte Brown,2329255
Debbie Smith,754011
Ken Parker,922995
Amaris Tejada,2200206
Keith Johnston,2591587
David Barrett,370254
Matthew Boyer,1900431
Laurel Whisler,2479908
Laura Eicher,2433924
Janie Hodge,933479
Mikel Cole,1933487
Jennifer Huber,1041306
Pamela Dunston,1476946
Bridget Briley,2095267
Brent Igo,383845
Suzanne Rosenblith,862279
Penelope Vargas,1895724
Tyler Gailey,2123004
Dolores Stegelin,917019
Patrick Womac,1768211
Anne Liebel,2027701
Rory Tannebaum,1802840
Rhonda Miller,1941400
Lawrence Nichols,1974388
Barbara Everson,926064
Mindy Spearman,1695906
Bob Green,370255
Angelo Vespe,1806407
Winston Holten,1412125
Deborah Switzer,490192
Marilyn Madden,754010
Carol Weatherford,639784
Joann Roesch,768019
Ben Bindewald,1695901
Amy Milsom,1777139
Bill Fisk,558115
Robert Horton,1466576
Angela Colistra,1777193
Jerry Neal,732096
Kate Radford,1765131
Candice Slate,1117215
Kimberly McDuffie,976997
Gail Ring,1630641
William Paige,597103
Casey Berkshire,633446
Larry Abernathy,1558371
Amy Hallenbeck,1392950
Jeff Marshell,1491770
Gail Delicio,958187
Julia Wright,598579
Jennifer Wagner,1491771
Bridget Foley,1558485
Tony Cawthon,1485482
Sandra Summers,1506904
Greg Smith,1354457
Kim Fraizer,863301
Agida Manizade,933471
Bill Reid,171757
Lu Yu,2629849
Fatemeh Afghah,2851095
Lianfeng Zhao,2822564
Pingshan Wang,2515217
William Reid,1997901
Carl Baum,815990
Jillian Cai,2887912
Ganesh Kumar Venayagamoorthy,1863222
Christopher Edrington,3050833
Goutam Koley,3011714
Stephen Hubbard,497421
Tehseen Raza,2708437
Jon Calhoun,2715386
Rod Harrell,138725
Richard Groff,1623917
yingjie lao,2588497
Judson Ryckman,3011733
Walter Ligon,617463
Behnaz Papari,2783444
Martin Anthony,1628425
Liang Dong,2203316
Rajendra Singh,701069
Lin Zhu,1278814
Eric Johnson,2255957
Hassan Raza,2609486
Jeffrey Osterberg,2292491
Apoorva Kapadia,1865183
Harlan Russell,1126501
Ramtin Hadidi,2851084
Brad Green,1894968
Richard Brooks,1425754
E.R. (Randy) Collins,147956
Melissa Smith,951287
Adam Hoover,758332
Timothy Anglea,2586023
Surya Sharma,2017168
Daniel Noneaker,2075029
Robert Schalkoff,617503
Yuan Li,2475252
Ankit Kulshrestha,2475095
William Kolodzey,2438833
Kuang-Ching Wang,1705837
Upasana Bhattacharyya,2334901
Keith Corzine,1903663
Daniel Cutshall,2077096
Sung-O Kim,1494401
Fei Peng,2176697
Michael Kiernan,2746705
Grace Crocker,2948254
Daniel Wilson,2977325
John Minor,514887
Hema Khedun,2971729
Christopher Norfolk,1437549
Wayne Sarasua,426510
Matt Miller,1911671
Steven Brandon,1094516
Kyle Walker,2559229
Jeffrey Kharoufeh,2962776
Adam Melvin,2945558
John Saylor,496983
Todd Schweisinger,1198932
Zuo Zhou,2926111
Karthik Menon,3026592
Andrew Neptune,2055055
Evrim Altinkaynak,2824195
Cheng Sun,3004570
Michael Waldrop,2637654
Nicole Martinez,2408264
Benjamin Lawler,2730760
William Martin,1942161
Rachelle Beckner,2977143
Sudeep Popat,2163843
Vishal Thomas,2687492
Baker Martin,2721966
Nighat Yasmin,898364
Libby Flanagan,2877927
John Ballato,1557745
Nigel Kaye,903288
Gavin Platt,3002079
Ezra Cates,2446288
Javad Velni,3001102
Mark Schlautman,2871775
Vincent Blouin,783680
Vishnunarayan Girishan Prabhu,2669916
Hamed Rahimian,2647997
Emily Tucker,2935610
Amod Ogale,2072754
Ardalan Vahidi,787515
Umesh Vaidya,2907514
Beth Stephan,374327
David Vaughn,3003725
Judy Wood,495285
William Harrell,2528202
Ana Alba-Rubio,3009345
Kevin Finneran,2152161
Abdul Khan,1131964
Sukumar Brahma,2965510
Andrew Metcalf,2990799
Weichiang Pang,1406817
Seyed Yadollahi,3009935
Qi Luo,2704427
Morteza Soltani,3006390
Mariah Magagnotti,2039476
Allison Patti,2986016
Prasada Rangaraju,1017342
Mary Beth Kurz,973404
Calvin Sawyer,1440014
Tugce Isik,2199930
Lonny Thompson,688396
Kimberly Weirich,2621452
Chistopher Norfolk,1438744
Savannah Wojtkowski,2965362
Douglas Byrd,2908795
Anne Brundage,2965364
Xiaolong Ma,2828004
Anthony Martin,497427
Mark Roberts,1621479
Jessica Larsen,2481644
Behnaz Papari,2908291
Jon Harcum,2370375
Hobey Tam,2858035
Richard Watkins,2660005
Eric Davis,2413035
Marian Kennedy,1049241
David Freedman,987813
Chenning Tong,900971
Joe Chapa,2626451
John Wagner,441707
Gang Li,1097855
Paul Joseph,836452
Charles Webb,905367
Ulf Schiller,2868897
Jonathan Maier,1486773
Jay Ochterbeck,1209350
Olga Kuksenok,2316156
David Neyens,2623735
Richard Miller,648334
Xin Zhao,2356782
Jackie Cha,2672880
Leo Cassule,2785552
Amin Khademi,1876506
Brian Melloy,364836
Ashok Mishra,2189147
Kai He,2398355
Rachel Getman,1721963
David Bruce,2343550
Erin McCave,2067050
Xuan Xiangchun,1225631
Karen High,2451773
Taylor Sorensen,2512035
Luiz Jacobsohn,2411211
Marc Birtwistle,2623904
Irene Ferrara,2208229
Gregory Mocko,1079180
Jessica Plaunt,2661035
Stan Birchfield,925769
Paris Stringfellow,1199311
Sapna Sarupria,1721956
Joshua Margolis,2430580
Sarah Grigg,1781325
Marty high,2631924
Kevin Taaffe,873147
Yunyi Jia,2248654
Joshua Summers,524129
Chalmers Butler,815991
Georges Fadel,1002685
Walt Garvin,2526578
Bob Nowack,426501
Marvin Dixon,171774
Sandra Eksioglu,2254200
Anthony Garland,2389384
Ashley Childers,1510577
Joshua Tong,2483561
Michael Giebner,1538864
Bradley Putman,984021
Robert Riggs,2309028
Rupert Hurley,1576101
Byung Rae Cho,940083
Zahra Hazari,1189189
Bill Ferrell,792852
Steven Csernak,989682
Gary Lickfield,516048
Nicole Coutris,1388272
Scott Mason,1541882
Jason Bokar,1019949
Sara Riggs,2178952
Steve Moya,2229241
Jean Marc Delhaye,904493
James Burati,1077110
Bryant Nielson,1017337
Eric Skaar,516053
Elham Makram,791670
Michael Bridgwood,815988
Kyle Brinkman,2026743
Donald Beasley,649061
Joel Greenstein,325597
Konstantin Kornev,1619393
Firat Testik,1115529
Kelvin Poole,138707
William Park,171744
Julie Martin,1996431
Sherrill Biggers,496976
Douglas Hirt,1059773
Anand Gramopadhye,1019627
Kapil Chalil Madathil,1918111
David Ewing,1756979
Sabrina Lau,1860761
Beshah Ayalew,1436536
Anthony Guiseppi-Elie,1793852
Charng-Hsein Juang,1150121
Richard Figliola,797367
Henry Rack,404529
Darren M. Dawson,1197408
Charles Gooding,1443048
Rui (jim) Qiao,1074291
Xiao-Bang Xu,815992
Jennifer Ogle,838182
Thomas Overcamp,814190
Essam Namouz,1562099
Jessica Merino,1669009
Thomas Kurfess,1424477
Frank Alexis,1756179
David Angstadt,834751
Khoung Nguyen,1426911
Chris Kitchens,1145979
Steven Bowers,1518832
Timothy Burg,1218150
David Economy,1642219
Nadim Aziz,429779
Lisa Benson,987549
David Bowman,940757
Scott Shappell,873153
L. Wilson Pearson,497426
Jian Luo,1037765
Sandra Garret,1132208
Mohammed Daqaq,931718
Imtiaz Haque,1280042
Peter Messier,1328069
MA Lin,1203757
James Leylek,777050
Harry Law,133809
Benjamin Sill,198240
Ian Walker,1116145
Clarence Balch,783674
Emeka Maduike,1424271
Scott Schiff,414177
Stacey Balk,1208466
Yong Huang,862563
Samiak Mohammadi,1329572
Pierluigi Pisu,1209353
Megan MacAlystre,1533663
Amy Maciel,3033677
Lee Morrissey,214241
William Stockton,1492731
Lane Riggs,2785990
William Pulley,1199174
Justin Easler,2916662
Kathy Nixon,2432083
Samuel Adewumi,3054831
Emma Pinson,3045853
Melissa Dugan,2098257
Seth McKelvey,2735195
Jaquial Durham,2866445
Anthony Correale,2844323
Vincent Ogoti,3048272
Frances Chapman,2960645
David Coombs,1762098
Kathleen Nalley,2718662
David Williams,1038301
Tareva Johnson,2440311
Karen Kettnich,1753469
Jared Jameson,2787463
Sage Short,2986986
Kara Russell,3053701
Gabriel Hankins,1794103
Sarah Watkins,2568321
Brittary Clark,2853880
Victoria Banks,3036291
Virginia Joczik,2874647
Joy Amponsah,2959880
Jonathan Beecher Field,726533
David Foltz,1226030
Dominic Mastroianni,1237840
Phillip Randall,594954
Hannah Treasure,2847005
Amy Monaghan,721311
Mary Geren,303970
John Falter,2960201
Mary Nestor,2455891
Allen Swords,81635
John Pursley,1241956
Melissa Makala,2330256
Carrie Hill,2319773
Lucian Ghita,1928226
William Cunningham,2553022
James Puckett,2904719
Megan Eatman,2335088
Camryn Bruce,3053753
Christian Taylor,2936341
Nicholas Rader,2537870
Emily Yates,2962464
Chelsea McKelvey,2783621
Nicholas Brown,2851435
Caitlin Watt,2398019
Stevie Edwards,2536356
Chelsea Murdock,2515250
Maddy Norder,2851910
Tiffany Messer-Bass,2949857
Angela Naimou,1259642
Kaitlyn Samons,2729313
Jennifer Forsberg,2176811
Katherine Woods,2926047
La'Cresha Green,2202222
Hannah Godwin,2361871
Jordan Frith,2604650
Brian McGrath,1213710
Joshua Kulseth,2964559
Daniel Citro,2189313
Elizabeth Stansell,766317
Jessie Clay,2823856
Gabrielle Wilkosz,2760028
Andrew Okai,2835030
Sarah Cooper,1646325
John Smith,21705
Ingrid Pierce,2477726
Peter Bryan,2755514
Edward Troy,2551680
Molly Riddell,2818122
Karissa Maust,3005862
Frances Smith,2732783
Jon Correa Reyes,2983713
John Hunter,2998665
Heather Williams,2586790
Tharon Howard,234106
Amanda Platz,2639778
Connor Matthews,2949167
Chelsea Clarey,2318718
Taylor Steck,2939381
Sethunya Mokoko,2639149
Taylor Wyatt,2957694
Nancy Paxton-Wilson,2485392
Katalin Beck,1961317
Emily Crum,2847274
Sharon Nalley,1896746
Clare Mullaney,2645563
Terry Filippo,555172
David Blakesley,2273856
Jan Holmevik,1230967
April Lawson,2532289
Susanna Ashton,509778
Kimberly Manganelli,926067
Cameron Bushnell,1050069
Zachary Snow,1669561
Jennie Wakefield,397316
Elizabeth Rivlin,1091217
Bree Beal,2425599
Matthew Hooley,2359966
Kendra Slayton,2792582
Caroline Rue,2736653
April Pelt,1852457
Sarah Richardson,2591065
Jacob Richter,2519816
Sarah Carter,2749431
Gregory Chwala,2504038
Jamie Rogers,2435507
Cody Hunter,2445525
John Gorton,2728669
Robert Brissey,2192636
Ashley Fisk,2143681
Meredith Persin,2770876
Jonathan Burgess,2724875
Brandon Fisher,2721387
Maria Bose,2717831
Maya Hislop,2433211
Hannah Taylor,2604648
Erin Goss,1802162
Shauna Chung,2374946
Rebecca Glenn,2736102
Geveryl Robinson,2129232
Michael Measel,2194165
Sheila Lalwani,2624192
Victoria Houser,2389382
Kylie Carlson,2695541
Andrew Mathas,1915387
Daniel Leach,2525106
John Fuqua,2549203
Walter Hunter,1872665
Zachary Kinsella,2645659
Kimberly Groves,2636477
Walt Hunter,1872667
Lindsey Kurz,2451313
Jillian Weise,2024095
Charissa Fryberger,2423551
Mary Frankovich,2639779
Aparna Shastri,2637648
Anna Johnson,2551726
Stephanie Stripling,2193624
Charlotte Lucke,2601191
Allison Harris,2307427
Patricia Sunia,2426745
Christopher Benson,1102677
Emma Stanley,2530366
Amy Patterson,2588110
Henna Messina,2524340
Eric Hamilton,2506885
Wesley Kapp,2551014
Rene Fleischbein,2532783
Chris Stuart,2299869
Kailan Sindelar,2557467
Michael Russo,2262780
Kristian Wilson,2410200
April O'Brien,2130598
Josephine Walwema,1515050
Kristen Aldebol-Hazle,2062925
Sean Williams,398185
Angie Rogers,758719
Susan Fullerton,1389303
Spencer Tricker,2433919
Lakeya Jenkins,1071363
Julia Koets,2419900
James Funk,1708389
Caroline Young,2365215
Diane Quaglia Beltran,2186492
Austin Gorman,2044394
Brian Gaines,2255923
Rebecca Shaver,2054733
Lindsay Turner,2324629
Whitney Adams,2211511
Eric Stephens,2074021
Erin Gale,2170403
Michael LeMahieu,508298
Katie Vann,2192121
Candace Wiley,2102139
Abigail Maxim,2302241
Ashley Cowden,533466
Rhondda Thomas,1092465
Patricia Fancher,1568420
Daniel Frank,2077036
Mari Ramler,1861617
Benjamin Hudson,2182164
Sam Fuller,1929265
Christa Kettlewell,2221165
Stephen Quigley,2089918
Teneshia Head,2132185
Nathan Riggs,2017675
Adrian A.D. Carson,1966331
Stephanie Kartalopoulos,2176066
Lindsay Thomas,1944070
John Morgenstern,1791095
Crystal Stephens,2052565
Ellen Gardiner,1646750
Jeffrey Fallis,2130838
Barbara Heifferon,205970
David Stubblefield,2029733
Charlotte Powell,2045462
Bill Stanton,284683
Lesli Salley,1884776
Eda Ozyesilpinar,2092995
Christy Mroczek,516867
Barbara Ramirez,349610
Barton Palmer,598580
Keith Morris,349594
Laurie Brown-Pressly,366882
Caleb Milligan,1805396
Allison Andrew,1180571
Melody Shirley,1364618
Carlisle Sargent,1964744
Leslie Salley,1963172
Megan Woosley-Goodman,2003030
Sarah Lauro,1876197
Meredith McCarroll,1792236
John Conway,163800
Xiaoli Li,838235
Wayne Chapman,349606
Sherri Allred,983184
Lauren Woolbright,1899411
Matthew Schilleman,1889206
Alexander Kudera,1028482
James Butts,1441306
Wes Rochester,379924
Christine Mahoney,1803959
Teresa Fishman,1151853
Sean Morey,1632401
Angelina Oberdan,1480359
Daniel Galvin,596779
Sharon Henry,1659227
Susan Hilligoss,514187
Brett Johnson,1494034
Daniel Liddle,1656724
Walter Crooks,1469553
Nancy Swanson,1250208
Walter Iriarte,1383847
Steffanie Golliher,1768459
Kristen Beth Proehl,1472283
Victoria Hurst,1773449
Amanda Johnson,1770987
David Yurko,938073
Mark Winchell,615785
Brian Croxall,1343108
Amanda Litchfield,942760
Summer Taylor,409523
Steven Holmes,1508751
Randall Wilhelm,1612672
George Dubose,1708211
Heather Witmer,1391293
Caitlin Holmes,1467943
Cynthia Ofori-Dwumfuo,1713356
Alison Katz,919792
Anthony Collamati,1338387
Hayley Black,1721961
Wayne Heath,195154
Lynn Childress,780003
Mark Charney,736387
Deneshia Smith,1647582
Alma Bennett,260448
Scott Mogull,1485556
Lindsey Jones,1252493
Catherine Paul,395494
Helena Peace,1485638
Jane Casey,566989
Jonathan Williams,1494737
Angela Billings,1052524
Michael Utley,1483614
Jessica Martin,1423115
John Warner,774909
Caroline Moore,1570559
Geoffrey Lee,1271865
Emily Price,1469759
William Gray,1423113
Jessica Pickering,1355471
Ashley Crider,1390850
Joshua Abboud,1427034
Rita Howard,1415710
Rachel Parker,1483049
Christina Delia,1339746
Natalie Mahaffey,1307346
Patrick Neal,728448
Michelle Martin,349605
Allen Ball,1307345
Gaven Watkins,666199
Alicia Hatter,1052395
Derek Williams,1388888
Elisa Sparks,50843
Skip Eisiminger,349601
Barabra Weaver,904389
Ray Barfield,401757
Leslie Smith,1342567
Beth Wilkerson,1401884
Russel Joye,1321861
Neil Conway,829736
Charles Bax,1208137
Jana Redmond,1271338
Martin Jacobi,738777
Danielle Sellers,1201781
Allyson Smith,1230344
Justin Lesniewski,1097523
Michael Ferro,2538239
Matthew Turnbull,1662358
Dennis Bausman,491858
John Morse,1964532
Suellen Pometto,2112679
Eric Benson,1150183
Peter Adler,1212973
Minory Nammouz,1722074
Timothy Devol,1228379
Vidya Suseela,2365357
Tom Owino,2731956
Jennifer Goree,2647414
Alan Johnson,2096927
Mik Carbajales-Dale,2903826
Althea Hagan,2329294
Robert Baldwin,2784660
Emily Oakman,2434830
Alan Elzerman,1572362
Ron Johnson,1348957
Cindy Lee,1388326
Maziyar Faridi,2687916
Aga Skrodzka-Bates,1034193
Travis Box,2659042
Jack Wolf,557372
Ramon Franklin,775109
Taufique Samdani,2636719
Elaine Worzala,2907818
Kwanho Kim,3041165
Harrison Ham,3039411
Kerri McMillan,610159
Vincent Intintoli,2311452
Weike Xu,2313479
James Rieger,2876502
Weiku Xu,2344151
Daniel Greene,2236302
Blerina Zykaj,2390638
Lorenza Ross,2904766
Lili Chen,2968062
John Alexander,752596
Arash Dayani,2649340
Stephen Buschbom,3043881
Atoosa Amirtash,2888253
Brandon Lockhart,1883780
Lily Shen,2692002
Thomas Smythe,2941540
Lucy Chernykh,2550932
Yoonsoo Nam,3008629
Luke DeVault,2257718
Angela Morgan,235994
John Harris,8592
Josh Harris,2547030
Fan Li,2767653
Minxing Sun,2444188
Tom Springer,1510233
William Johnson,1275993
Melvin Stith,1866476
Jon Wiley,1425464
Jared Smith,1962541
Fei Xie,1860835
Neil Waller,984108
Micheal Spivey,367643
Richard Klein,485988
Brandon Cline,1056632
Robert McElreath,434004
Cheryl Hosler,1065760
Scott Womble,2644417
Glory Loflin,2851936
Andrea Feeser,379986
Paul Hoke,2433635
Broadus Fleming,507282
Tom Coaker,939269
Trisha Markus,3045477
Gaofeng Wang,2999208
Cathy Jachowski,2189611
Kate Tsai,1748283
Todd Lyda,2626070
Alison Starr-Moss,2005822
Jennifer Mason,2535264
Miriam Konkel,2479912
Rajandeep Sekhon,2356036
James Lewis,2976557
Lukasz Kozubowski,2200975
Leigh Anne Clark,1797776
Kimberly Metris,2518396
Julia Frugoli,1814575
Haiying Liang,1213626
Marcos Oliveira,2524790
Amy Lawton-Rauh,1393431
Albert Abbott,1152368
Josh Vandenbrink,1474099
Chin-Fu Chen,1260716
Jeffery Tomkins,1234071
Cheryl Ingram-Smith,2095907
Kristina Mercer,3047444
Lindsey Beebe,2729678
William Terry,1388306
Li Hsu,3056273
Christa Smith,370290
David Doran,2270713
Lance Howard,379309
Forrest Howard,1204778
James Miller,1014684
Alan Coulson,1575126
Emily Scribner,2588754
Mary Fidler,2361632
Brady Flinchum,2681918
Alexander Pullen,2600047
Kelly Lazar,2554455
Melissa Ranhofer,2650098
Stephen Moysey,1349732
Treavor Kendall,921002
Jim Castle,972261
Mine Dogan,2091891
Victoria Sellers,1847243
Richard Warner,482337
William Gray,896984
Gray Dean,482335
Rodney Costa,2731852
Hanna Gilreath,2899019
Nona Woolbright,958341
John Leininger,854183
Patrick Rose,586473
Nancy Leininger,684549
Bryan Simmons,972893
Amanda Bridges,2586388
Chip Tonkin,2761952
Gerry Derksen,2931550
Robert Congdon,2931548
Carla Marchione,3004022
Michelle Fox,2307991
Erica Walker,1800633
Carl Blue,2931546
Daryl Stevens,2687418
Carla Holzer,2931547
Kern Cox,1892505
Hanna Gibson,2734202
Eric Weisenmiller,1656591
Charles Weiss,1953498
Janice Lay,1574557
Liam O'Hara,2644335
Charles Williams,2635915
Carol Jones,652047
Sam Ingram,1151827
liam ohara,2206544
Rebecca Edlein,2222151
John Jacobs,1509421
Patrick Rose,1944412
Millicent Carroll,1562894
Diane Moreno,2345419
Becky Tugman,2367436
Bridgit Corbett,2385625
Karen Edwards,2477907
Lauren George,2345416
Deb Charles,1781164
Karyn Jones,453704
Joanna Smyers,2588983
Deborah Hutcheon,1954423
Sarah Hague,2845876
Tanya Staton,2477750
Khoa Truong,1842528
Brian Witrick,2749065
Shannon Owen,2971859
Christianna Novakovic,2946714
Rachel Mayo,774673
Julia Sherry,2741440
Deborah Falta,1001471
Elliot Jesch,1881399
Hugh Spitler,1228403
Sara Robb,2991938
Matthew Cleveland,2841898
LU Shi,1754986
Amelia Clinkscales,2134665
Kathleen Meyer,934889
John Long,2348894
Karen Kemper,767608
Lu Zhang,2753936
Sarah Floyd,2693670
Joel Williams,1525050
Kip Kingree,328814
Lee Crandall,1864968
Frederic Fraizer,2003664
Katherine Cason,2133695
Sarah Griffin,933047
Windsor Sherrill,1442671
Liwei Chen,1892326
Stacie Bullock,1813890
Gerald Costello,564045
Gregory Breeden,1077334
Cheryl Dye,594287
Emily Hoge,2995088
James Jefferies,922303
Camden Burd,3042245
Lee Wilson,1958020
Abel Bartley,1169517
Kathryn Langenfeld,2452335
Edwin M. Moise,374858
Rachel Moore,1510080
Austin Steelman,3060381
Andrew Baker,2751595
Stephanie Hassell,2787983
Archana Venkatesh,2655086
Tara Wood Seefeldt,2639195
Andrew Rod,1417841
Andrew Gross,3027977
Jonathan Hepworth,2925670
Joshua Catalano,2793258
Otis Pickett,2964348
James Jeffries,1741396
Ryan Hilliard,2726252
Eric Daniels,1204773
Michael Silvestri,349602
Roger Grant,385861
Amanda Regan,2717098
James M. Burns,528650
Rebecca Stoil,2550513
Maribel Morey,1868667
Amit Bein,904870
Patrick Troester,2879735
Elizabeth L'Arrivee,2706630
Caroline Dunn,1049340
Alan Grubb,371614
Steven Marks,370273
Richard Saunders,199172
Stephanie Barczewski,776736
Thomas Kuehn,19591
John Andrew,521571
Michael Meng,1535565
Anne McMahan,589932
Caroline Dunn Clark,1159745
William Camp,2363638
Megan Shockley,675755
Elizabeth Carney,50844
Rachel Chico,915163
Emily Wood,1723074
Paul Anderson,402402
James Welborn,1023320
Henry Clark,1558189
Matthew Henderson,1721589
Jerome Reel,555034
Thomas Goldstein,1507192
Joanna Grisinger,759669
Timothy Stoneman,1202841
Skye Arthur-Banning,839969
Shelia Backman,495792
Stephanie Garst,2833664
Bryn Babb,2804621
Michelle Smith,2938151
Nicholas Whitrow,2644571
Nicole Snell,1305990
John Tripp,2674669
Julia Schmidt,842895
Ellory Schmucker,1675885
Melva Persico,1780550
Stephanie Morris,2330262
Gabriela Stoicea,1856467
Susanne Masterson,3044428
Eben Williams,2786850
Yezid Flores,2512292
Olga Volkova,2753303
Jody Cripps,2416776
Arantza Recalde,2947519
Rosa Pillcurima,2368203
Satomi Saito,2558148
Kumiko Saito,2534003
Debra Williamson,2095055
Ling Rao,2847231
Yanming An,502252
Ana Miller,2253839
Anne Salces Y Nedeo,2124986
Daniel Garcia Vieyra,2407557
Nora Logue,2194671
Amy Sawyer,1056502
Maureen Zamora,1119703
Raquel Anido,1568157
Jason Hurdich,2305690
Roberto Risso,2130018
Kelly Peebles,829799
Anthony Fattibene,2823484
Monica Rojas de Massai,746896
Lee J. Ferrell,604201
Salvador Oropresa,2859186
William Clements,2270711
Johannes Schmidt,453703
Kenneth Widgren,2341646
Yanhua Zhang,487504
Zenia Valderramos,2002383
Pauline de Tholozany,2038600
Jos  Luis Ortiz-Rosario,2536849
Arelis Moore,2936466
Steve Fitzmaurice,1801454
Alma Garcia-Rodriguez,2263241
George Palacios,1996648
Harris King,2082899
Daniel Smith,504979
Angeli Leal,1674243
Luca Barattoni,928199
Leslie Williams,345364
Mercedes Tejera,2420234
Joseph Mai,484955
Amy Griffin,736635
Su-I Chen,1213421
Kim Misener Dunn,1896520
Eric Touya,1220274
Graciela Tissera,488343
Liliana Hernandez,558129
Maria Judez Riquelme,2322400
Jae Takeuchi,2483068
Tiffany Miller,1989975
Adrienne Fama,2088431
Kari Carson,2006485
Joel Mayon,1062042
Heidi Montes,1197429
Juana Martin-Armas,1997270
Cathy Robison,379211
Daniel Holcombe,2302407
Richard Schemainda,752524
Allison Whitehouse Hinds,1894648
Lyudmyla Tsykalova,2182292
Mirelly Buitrago,1638233
Scott Harris,446659
Hamilton Killey,1849595
Michael Barrett,2172420
Ricardo Tremolada,1762800
Filiberto Hernandez,1503540
Filberto Mares,1699059
Kazuko Shoji,2079728
Alton Brant,478054
Joan Bridgwood,593622
Toshiko Kishimoto,247084
Sarah Stoll Watt,1053454
Michael Greene,1162861
Lisa DeWaard,1074562
Jeff Love,289762
Clementina Adams,752299
Margit Sinka,577188
Lorenzo Borgotallo,1227524
Joni Hurley,1486927
Susan Clay,1201569
Kelly Davidson,1314471
Tressela Bateson,1520255
Nathan Guss,488560
Tamara Mitchell,1484806
Samuel Palmer Moody,1718075
Samuel Frederick,1242376
Cinzia Cross,748753
Maria Tyson,1387662
Corey Evans,1162847
Dorismel Diazperez,1493560
Laura Kagel,1369699
Suzanne Tyson,1073412
Torres Del Villar,1052303
Ximena Gonnzalez-Parada,759866
Fred Weiser,1042491
Carrie Haight,1201291
Ricardo Unda,758517
Gloria Bautista,487525
Phillips Workman,3046570
Kenneth Toussaint,2338627
Frances Edwards,2445584
Margaret Thompson,2554236
Judson Jahn,675775
Katherine Kisska-Schulze,2443512
Virginia Ward-Vaughn,586841
Francis Edwards,494301
Edward Claggett,1766748
John Hine,2010206
Megan Mowery,249571
Andrew Lemons,2332842
Melody Fowle,1362241
Ryan Toole,1941992
Liz Laxton,2680429
Hongki Kim,2413091
Hope Parnell,1919325
Pranith Abbaraju,2705647
Ondina Sevilla,2848094
Jose Sagarnaga,2727350
Monica Simsek,2640032
He Li,2999697
Sharon Sheridan,2747646
Ron Landis,3030430
Dirk Roskam,2746804
Gaby Peschiera,2951690
Benjamin Grant,2566821
Phil Roth,829815
Matt Hersel,2644802
Blake Snider,2857808
James Liddle,2476071
Edward De Iulio,1166133
Allan DeToma,2471825
Demorris Walker,2963511
Michele Minetola,2972365
Sara Yoder,831836
David Peyton,2557515
Leonard Spooner,1974202
Keith Hudgins,2727071
Jiahui Mo,3005606
Beth Yoder,2454926
Zachary Leffakis,1766771
Hongli Ye,2728420
Russ Purvis,595815
Wayne Stewart,828789
Giyoon Kwag,2769996
Amy Ingram,1982785
Shuang Liu,2579443
Serkan Akturk,2349943
Shivan Bhatt,2835010
Maneesh Ajjuguttu,2721342
Jason Kiley,2756898
Larry Fredendall,749587
Christopher Mann,2374043
Kristin Scott,1844639
Ahmet Colak,2444180
Sandy White,2958804
Ali Shirzadibabakan,2847984
Jose Pius-Nedumkallel,2893373
Aleda Roth,2138525
Iaroslava Dutchak,2644084
Ying Zhang,2479934
Gabrielle Sava,2312973
Jaeyoung Kim,2651886
Emily Ferisee,2797740
Jonathan Preedom,2688899
Jinyuan Tian,2650709
Katherine Clark,2075920
Jingyuan Tian,2761955
Christina Kyprianou,2542825
Michael Cole,2385249
Nicholas Byrd,2533749
Tina Robbins,595807
Wayne Stuart,1982787
Yann Ferrand,1667750
James Turner,1117638
Daniel Nielubowicz,2289026
Dan Pienta,2202736
Yunsik Choi,1961021
Jason Thatcher,673824
Remi Charpin,2042407
Allen Tseng,2363044
Thomas Simpson,2316920
Min Lee,2003020
Bernardo Quiroga,2336078
Marie Esposito,2285269
Elizabeth Powell,1995254
Jackie London,2070839
Jerry Bilbrey,1844637
Brandon Lee,2076665
Shouqiang Wang,1667367
Kevin Matthews,2076903
Jack Hopkins,1705873
Mark McKnew,984531
Roopa Raman,1188368
Varun Grover,1061626
Gulru Ozkan,1280274
Marvin Ward,1667764
James Burleson,1750711
Stephen Cantrell,828035
Wade Julie Terrill,1807699
Julie Wade,1684747
Kevin Craig,1635291
Peter Gianiodis,1572487
Scott Ellis,1001724
Mohammed Raja,943773
Sriram Venkataraman,1658493
Dave Wyman,1128080
Rahul Gokhale,989155
Sara Stasiukaitis,490096
Bill Stubbs,1172357
Tracy Johnson,1583754
Kim Green,1574560
Stefan Tams,1412969
Ray Henry,971643
Terry Leap,890349
Enrico Secchi,1407219
Yanfeng Zhang,1072797
Lisa Bosman,1204889
Aimee Ellis,1254664
Michelle Carter,1374455
David Sturkey,2947180
Ishani Banerji,2961555
Andrew Wang,2888154
Amanda Fine,1201066
Lisa Papenfus,2846711
Mary Anne Raymond,305002
James Gaubert,557370
Scott Swain,2296770
Ryan Mullins,1762740
Carter McElveen,1626348
Thomas Smallhorn,2873640
Jesse Moore,234984
Mary Vermillion,2971037
Sayan Gupta,2958037
Annette Tower,2555144
Angeline Scheinbaum,2544491
Lisa Beeler,2794147
Michael Giebelhausen,2860239
Gavin Leach,2960942
Anastasia Thyroff,1854845
T. Poehlman,2195383
Xianyong Wang,2360770
Michele Cauley,2437974
Adam Stone,2837677
Danny Weathers,2692944
Jonathan Lopez,2878963
Ezgi Ferrand,2837678
Cony Ho,2682647
Tom Shorthorn,2895709
Lura Forcum,2210234
Thomas Poehlman,2685797
Oriana Aragon,2195382
Delancy Bennett,2266694
Laura Forcum,2686007
Jennifer Siemens,1668124
Gary Hunter,1922246
William Kilbourne,1256838
Mike Dorsch,972421
Peter Weathers,1647843
Patricia Knowles,292877
Greg Pickett,464957
Christopher Hopkins,840794
Stephen Grove,755232
Charles Duke,828194
Thomas Baker,932664
Neil Cameron,713547
Mary Laforge,1117228
John Mittelstaedt,1434633
Adam Rapp,1372269
Tianyu Zhu,3049887
Igor Luzinov,2060928
Enrique Martínez Saez,3044003
Dilpuneet Aidhy,2898612
Donna Simms,371246
Angel Carreras-Jusino,2525191
Joseph Bible,2491736
Meredith Burr,1896343
YezhuoLee Li,2783552
Antsa Rakotondrafara,2956252
Lea Jenkins,309345
Amy Cantrell,2895908
Erwin Walker,214252
Irina Viktorova,426505
Tim Teitloff,252584
Abdul Mahama,2720683
Shihwei Chao,1385048
Trevor Camper,2887889
Julie Lassiter,614288
Matthew Saltzman,470224
Paran Norton,2523158
Julia VanLandingham,3002406
David Costanzo,2639127
Caryn Mays,2926939
Allen Guest,683837
Jennifer Hanna,1493553
Julianne McKay,2726019
Scott Scruggs,2452715
Deepanshu Verma,3049626
Kisun Lee,3069591
Boshi Yang,2276549
Hyesuk Lee,491183
Blake Smith,2645645
Rafael D’Oliveira,3043198
Xinyi Li,2746038
Beth Novick,372917
Jesse Taylor,2903851
Hwanhee Lee,2735227
Freeman Slaughter,2644964
Naomi Edegbe,3046880
Mohammad Rahman,3044534
Sofya Alekseeva,1997260
Stephen Peele,2168386
Chad Mangum,2526142
Seok Byun,2857938
Brad Scott,2728357
Daniel Martin,3032017
Vishwa Dewage,3035910
Tony Nguyen,2152609
Michael Cowen,2348164
Seth Watkins,2746035
Leo Rebholz,1230513
Xuejian Li,2969447
Martin Schmoll,1117205
Tyler Sullivan,2686005
Ben Wiles,2425498
Kyle Yates,2735848
Mark Cawood,544914
Marion Hanna,237763
Madison Mabe,3033084
Fiona Guo,2650136
Sydney Maibach,2901611
Alice Hui,3052313
Nazanin Mohseni,3035662
Jennifer Newton,716122
Morgan Willis,2890734
Benjamin Hamlin,2631133
Cheng Guo,3009400
Alec Mertin,2772579
Jeong-Rock Yoon,835497
April Thomas,1840665
Tianyu Ni,2974127
Nantsoina Ramiharimanana,2455337
Jared Kettinger,3004847
Cailyn Bass,3046373
Qingshan Chen,1856234
Andrew Brown,1937542
Tao Guan,3011137
Elizabeth Hawkins,2649991
Zach Mckay,3046371
Katherine Charbonneau,3045227
Daniel Balena,2867219
Shuhong Gao,283399
Deborah Kunkel,2809562
Marilyn Reba,255767
Jennifer Van Dyken,1175808
Gao Xuhong,1388592
Luke Szramowski,2635715
Dania Zantout,920453
Sean Sather- Wagstaff,2100002
Jun Luo,1268576
Hyun-Ju Oh,2929783
Eva Murphy,2445605
Andrew Warren,2949725
Matthew Macauley,2472897
Neil Calkin,382950
Joseph Skeleton,2734248
Phillip de Castro,3000448
Blake Splitter,2456512
Ervin Vincent,1294296
Yunan Wang,2226328
Nicole Bannister,1355282
Peter Westerbaan,2182669
Jim Coykendall,1943787
Harrison Fisher,2939297
Hui Xue,1765779
William Fisher,2976406
Yibo Xu,2163351
Marvin Jones,2462741
Fei Xue,2281026
Michael Burr,1798155
Michael Byrd,2637679
Rodrigo Smith,2733888
Charity Watson,1946252
Adam Price,2628042
Yu-Bo Wang,2512554
Katherine Kreuser,2763277
Margaret Wiecek,520033
Shitao Liu,1995911
Duygu Vargun,2738917
Billy Bridges,514860
Alan Hahn,2735879
Kristen Savary,2675691
Timothy Parrott,198228
Roberto Machado,2820048
Sandra Tsiorintsoa,2715174
Steven Edalgo,2901844
Aaron Moose,2556253
James Visser,2570165
James Palmer,2750006
Catherine Kenyon,2537698
Timmothy Parrott,1412622
Sarah Kelly,2585839
Elena Dimitrova,1438507
Timo Heister,1954239
Joe Swanson,2586850
Antonio Pierrottet,2733206
Andrew Pangia,2319565
Jeremiah Dunivin,2721221
Morgan Elston,2576687
Travis Alvarez,2580068
Brian Fralix,1600780
Cody Stockdale,2660004
Caroline Kerfonta,2685558
Tony Long,2552380
Grant Moles,2749543
Emma Soriano,2785602
Qiong Zhang,2398354
Anna Marie Vagnozzi,2407450
Pubudu Merenchige,2687242
Todd Fenstermacher,2273347
Tao Yang,1888233
Matt MacAuley,1208048
Sibusiso Mabuza,2658528
Rakhi Goswami,2618353
Nathan Fontes,2437182
Trevor Squires,2468164
Todd Morra,2290212
Rachel Lanning,2354628
Zachary Espe,2385010
Xueheng Shi,2449706
Felice Manganiello,1898631
Oleg Yordanov,2281683
Hamid Nazari,2748636
Sean Ingimarson,2434565
Svetlana Poznanovik,1839806
Yunheng Jiang,2715370
John Chan,2332514
Xiaoqian Sun,983456
Eliza Gallagher,1202825
Nathan Nemire,2452595
Marwah Soliman,2664913
Evan Butterworth,2741641
Zhengxin Jason Wang,2734815
Elliott degbe,2562418
Maddy St. Ville,2359869
Brook Rusell,2732223
Lester Westerbaan,2606116
Tiantian Yang,2281100
Jason Kurz,2301161
Zhiyun Gong,2625572
Rose Martinez-Dawson,598064
David Frost,2652448
Michael Nelson,2537310
Janine Janoski,1221389
Ben Breen,2635451
Sebastian Gracia-Guzman,2635138
Thomas Demarco,2625682
Hugh Geller,2076475
Gretchen Matthews,153258
James Gossell,2303440
Mengying Xiao,1917186
Anthony Long,2513432
Anna Bachstein,2354907
Thowhida Akther,2298816
Jia Shanshan,2328647
Andrew Bellucco,2466516
Thanh To,2197766
Judith Cottingham,614661
Peter Kiessler,688388
Terri Johnson,50361
Kayla Javier,2165773
Damitha Bandara,1779692
Dominique Forbes,2568318
Akshay Gupte,1895855
Dan Schneider,2557081
Feng Gao,2536308
Yuyuan Ouyang,2215342
Boyoung Hur,2311160
James Peterson,2147429
Xin Liu,1957025
Ben Jaye,2294556
Luke Duncan,2483424
Andrew Hill,1581413
Sharon Evans,2194773
Michael Case,1053787
Camille Zerfas,2253682
Mishko Mitkovski,1888912
Sanwar Ahmad,1990535
Walton Green,2438163
Ebenezer Eduafo,2304559
Pye Aung,2312091
Matthew Brinckerhoff,2413604
Christy brown,1950342
James Espey,1997494
Emma Cinatl,2332928
Jiajing Niu,2424946
Zachary Johnston,2421283
Elan Ding,2434236
Joey Liu,2426748
Michael Eldredge,2081304
Audrey DeVries,2015303
Elaine Sotherden,1851118
Kara Stasikelis,1855832
Jason Kurtz,2376005
Charles Lanning,2354630
Sergey Charnyi,2042655
Garrett Dranichak,2160258
Paul Cubre,2323238
Allison Stoddard,399179
Judith McKnew,469678
Andrew Tyminski,1480358
Jim Brown,1186983
Calvin Williams,1857494
Alistair Bentley,2296515
Liu Zhu,1916661
Jim Peterson,544917
Aaron Ramirez-Flores,2230641
Andy Jenkins,2077811
Stephen Bock,2056775
Jason Hedetniemi,1888959
Gilbert Eyabi,688025
Shari Prevost,130844
Dogbey James Kwame James,1678911
Johnathan Leverenz,919702
Ryan Grove,2042229
Daniel Kuzbary,2205402
Chris Cox,605316
Cox Christopher L,1740147
Javier Ramirez,1961539
Dilhani Marasinghe,2237729
Koshy Chenthittayil,2221480
Muhammad Jaman,2191379
Warren Adams,490786
Rebecca Ramos,1942765
Haotian Feng,2176809
Shuhan Xu,2083866
Jason Joyner,1625087
Brandon Goodell,1981422
Abdullah Mamun,2008455
Robert Lund,930678
Lee Phillips,2135456
Abigail Bowers,1229378
Laura Shick,742091
Trevor Vilardi,2078490
Taufiquar Khan,450058
Patrick Buckingham,1578170
Luke Giberson,2057659
Ellen Breazel,1223188
Fiona Knoll,1811954
Janie McDonald,2049083
Gary Fellers,1803378
Anna Keaton,1600037
Ziwen Cheng,1954458
Sarah Anderson,1706414
Morton Lamb,899352
Christa Johnson,1775018
Chris Johnson,1803750
Grady Thomas,1876195
Sherry Biggers,379307
Julia Sharpe,1072477
Anastasia Wilson,1354447
Robert Jamison,496201
Karunarat Kulasekera,616294
Herman Senter,1043121
Rachel Grotheer,1914021
James Brannan,750488
Yingbo Li,1893892
Nathan Chenette,1719730
Scott Tempelton,20475
Brian Dandurand,935265
James Livsey,1497997
Chanseok Park,524145
Daniel Warner,531952
Josh Crunkleton,1870379
James Dogbey,1704400
Weerseana Lakmali,1712659
Michael Dowling,1783340
Abhishek Pandey,1833447
Geoff Potvin,1309011
Nathanael Black,1432269
Minerva Rios-Adams,487303
Jingshu Zhao,1804431
Erica Deahl,1697488
Min Wang,1794460
Bill Moss,171754
Amanda Jones,1760158
Wit Kositwattanarerk,1375175
Angela Marvin,1676783
"Robert ""bob"" Taylor",928564
Joel Brawley,153253
Jeuel Latorre,877921
Benjamin Phillips,759199
Brandy Hicks,1216564
Nancy Hubing,1590631
Kevin James,155375
Katherine Hastings,1356760
Ben Staufeneger,313495
Frank Volny,931976
Douglas Shier,1228041
Nick Wilson,1719042
Justin Peachey,1385644
Tharanga Wickramarachchi,1209524
Jo hoffacker,574830
Catherine Trentacoste,1202994
Margaux Evans,1641589
Jangwoo Park,1041815
Tara Steuber,1658894
Cindy Davis,534634
Sundeep Samson,761065
Pietro Belotti,1560678
Donald Fairbairn,374332
Herve Louis Kerivin,1367118
Warner Staufeneger,1355043
Charles Russell,487618
Jan Medlock,1149128
Jeffery Beyerl,1315924
Jonathan Woody,1055944
David Fulton,490255
Johnathan Woody,1090286
Lori Layne,1184683
Adam Moseley,1504309
Erin Doolittle,1356875
Jobby Jacobs,758236
VY Tran,1070875
Jeannie Friedel,1479692
Bob Horton,1117209
Benjamin Kearns,1353926
Hugh MacMillan,783688
Jennifer Lavare,76296
Justine Hyde-Volpe,1376900
Jonathon Trousdell,1346910
Susan Ganter,894349
Francisco Vera,1190442
James Wilson,1375983
Timothy Flowers,427456
Michael Robbins,1205385
Mary Krohn,1161570
Mahmoud Rezaei,1068791
Ethan Christopher Smith,865288
Phanindra Tallapragada,1925613
Lihua Lou,3069031
Philippe Giguere,2894735
Zhaoxu Meng,2587695
Hongseok Choi,2591124
Ed Louis,3054146
Oliver Myers,2170269
Joshua Bostwick,2740585
Jay Northington,2818004
Chandresh Shah,2961844
Ethan Kung,2532239
Garrett Pataky,2103437
Xiangchun Xuan,1628429
Richard Scott,2910463
James Boyd,2853401
Marisa Orr,2392519
Huijuan Zhao,2477893
Chris Mabey,2998893
Sandip Dutta,2541995
Rodrigo Martinez-Duarte,2490479
Cameron Turner,2295612
Ge Lv,2580716
Yasha Parvini,2549867
Fadi Abdeljawad,2431252
Tim Guggisberg,2692189
Gang Liu,2415714
Yiqiang Han,2482457
Geetha Chimata,2686313
Georgia Brunt,2782252
Zhen Li,2638720
Katherine Ehlert,2586740
Suyi Li,2332728
Mohammad Naghnaeian,2653956
David Procopio,2658531
Pooya Niksiar,2565719
Xiangchung Xuan,2034080
Jorge Rodriguez,2178360
Yue Wang,1762890
Daniel Fant,2212673
Istemi Ozsoy,2182760
Paul Meyer,1706206
Kalyan Katuri,1967713
David Zumbrunnen,1838809
Paul Freeman,1863213
Tianqi Hang,1841697
Beshoy Morkos,1704874
Mark Jones,3056003
Sourabh Dhingra,2611573
John Abercrombie,1996176
Min Cao,1348886
Krista Rudolph,1390230
Xiupang Jiang,1529835
Kristi Whitehead,1645877
Weiguo Cao,1315950
Wil Milhous,2577190
Barbara Campbell,1853283
Yuqing Dong,1348893
Michael Henson,1437663
Simon Scott,1348895
Felixbar Barron,1505953
Tamara McNealy,1348891
David Conley,1634347
Linda Li-Bleuel,104826
Rhea Jacobus,1161849
Leslie Warlick,2559641
Emily Blandon Kovar,2733840
Kimberly Souther,3023980
Lea Kibler,1177964
Steven Newbrough,2817415
Anthony Bernarducci,2651316
Mark Spede,455161
Paul Buyer,497547
Emily Schaad,2817748
Timothy Hurlburt,1347620
Andrew Levin,618406
David Jones,2528886
Linda Dzuris,370910
David Stevenson,575185
Ned Hosler,2409297
Cindy Goodloe,2199663
Monty Craig,1069905
Linda Libleuel,922306
Justin Durham,1475270
Mark Hosler,426502
Lisa Odom,1223183
Rich Willey,1677416
Janice Lanham,2425741
Catherine Murton,1591943
Adam McFarlane,3054244
Jennifer Bagwell,2853044
Amy Garrison,2804623
Jenna Seawright,2282194
Sarah Fogle,2935429
Terry Busby,1374298
Melissa Kahley,3043851
charlotte Branyon,2877295
Lena Burgess Campbell,2247651
Jason Thrift,2319161
Mary Price,2971761
Kristen Massa,2222118
Kelli Garber,2903836
Lani Hendrix,2307440
Nancy Meehan,488084
Chris Spearman,2411229
Tiffany Stewart,2416202
Deborah Willoughby,1374294
Roxanne Amerson,923571
Shirley Timmons,1676952
Elizabeth Chismark,1676956
Ann Wetsel,1587384
Donna Haynes,985406
Angela Pye,1374289
Corrine Harmon,1374296
Kerrie Seymour,1165210
Melvin Villaver,3032144
Hamilton Altstatt,1422849
Eric Lapin,1364060
Emerson Bodde,2935783
Lisa Thomas-Smith,2733216
Charles Starkey,1149651
David Stegall,527171
Keren Shatalov,2992027
Charles Kurth,3048696
Adam Gies,2131197
Edyta Kuzian,2185434
Daniel Wueste,365176
Sarah Arnaud,2958348
sarah Arnaud,2934069
Diane Perpich,930481
Lawrence Dallman,2934809
Kelly Smith,155374
Bill Maker,374322
Timothy Juvshik,2822877
Quinn Gibson,2859020
David Antonini,2451157
Brandon Conley,2847091
Galen Johnson,2885549
Andrew Garnar,1127231
Stephen Satris,546133
Claire Kirwin,2661332
Christopher Grau,751256
Pascal Brixel,2639764
Todd May,528276
Brookes Brown,2354271
Kelly Smtih,1356781
John Wolfe,2133170
Michael Hannen,1861832
Christopher Wells,2308809
Jennifer Ingle,1518438
John Park,2198304
Ryan Lake,1953767
Malcolm Munson,2098967
Gregory Moss,1917167
Thomas Oberdan,155373
Cecilea Mun,1863257
Candice Delmas,1835191
Stuart Silvers,276617
Allen Thompson,946368
Sulia Mason,1020200
Kristen Osborne,1269089
Edmund Fry,2799592
Renee Gahan,2506352
Isaac Colbert,2986005
Garrett McFerron,2743724
Edward Moore,2988574
Andrew Wetzel,2718022
Melanie Job,1271531
Catherine Blankenship,2488650
Patricia Figueroa,2200034
Robert Bogan,1268580
Anita Reina-Nunnelley,1208418
Jenna Shearstone,970983
Denise Anderson,771979
Valerie Scott-Wagner,829598
Amy Pope,348062
Jason Brown,903078
David Connick,2516652
Ramakrishna Podila,1813434
Chad Sosolik,2539242
Lih-Sin The,1639986
Catalina Marinescu,3067130
Xian Lu,2326966
Joan Marler,1895215
Jens Oberheide,1674063
Pooja Puneet,1850800
Apparao Rao,898022
Jason Stratford,1362242
Emil Alexov,1182076
Kasra Sardashti,2873584
Eugenia Ciocan,490088
Joshua Alper,2253922
Janus Kozdon,2688508
Hugo Sanabria,2201281
Murray Daw,1348904
Jianbo Gao,2531465
Andrew Garmon,1911905
Sriparna Bhattacharya,2342290
Hye Kang,1674065
Sean Brittain,1116083
Billy Cimorelli,1992028
Jerry Hester,558855
Marharyta Margo Petukh,1869274
Girish Sharma,1806093
Jeremy King,495109
Fivos Drymiotis,813028
Pu-Chun KE,865962
Donald Clayton,508223
Evan Figg,1688396
James L. Reid,473033
Joseph Liskowsky,1438581
Eugen Dumitrescu,1505776
Miguel Larsen,1382785
Peter Barnes,1117031
Meredith Newby,990729
Bevan Elliott,1198142
Lih-Sin The,1269079
Frank Gyngard,3045146
Jeffrey Fung,2776269
Daniel Thompson,2488644
Gerald Lehmacher,2808568
Endre Takacs,2621451
Norberto Davila,2542240
Ethan Kilgore,2608095
Philip Flower,411442
Andrew Smith,1323555
Christa Lab,1357442
Julia Kerrigan,1062738
Katherine Curtis,1888956
Andrew Tate,2961990
James Wallner,2728886
Sarah Hunter,2850826
Tara Trask,2592570
Matthew Wells,3045166
Brandon Turner,1506181
Robert Carey,2483730
Brad Thompson,1132685
Alexander Honeker,3047185
Alexander Billinis,2427568
Stephen Phillips,2712034
Meredith Petersheim,1735810
Spencer Krauss,2967189
Amira Jadoon,2860332
John Pascarella,3057137
David Ferkaluk,3034419
Jeffery Peake,1573723
Samuel Postell,2971354
Michael Wales,3053204
Laura Olson,493692
Matthew Rhodes-Purdy,2549875
Adam Warber,371616
Zeynep Taydas,922307
Andrew Gross,3027976
Bruce Ransom,529339
Xiaobo Hu,685306
William Lasser,591136
Jenny Presgraves,2721160
Vladimir Matic,889727
Ramon Lopez,2718406
Adam Thomas,2576119
Ekaterina Yazykova Mellott,2921168
Joseph Ura,2984391
Rob Carey,370243
Gabe Whitbread,2846399
Scott Schmidt,2729819
Amanda Knight,2921173
Robert Frager,2921169
Vaiva Kalesnikaite,2921170
Chisa Putnam,2921172
Thomas Walker,2921166
Christopher Mayhugh,2921167
Philip Bunn,2896668
Joseph Stewart,974594
Mike Hoffpauir,2451311
Colin Pearce,1666182
Steven Miller,1997788
Derek Duplessie,2513833
Aron Tannenbaum,1276268
Jeff Fine,752325
Kevin Vance,2447767
Ethan Busby,2474737
Jay Hoffpauir,2479516
Joshua King,2225535
Marjorie Jeffrey,2455786
Daniel Frost,1860261
Brandon Stewart,2330929
Lorianne Molinari,2348161
Dave Woodard,148718
James Woodard,2160938
Lydia Lundgren,1977988
Matthew Crosston,922655
Michael Morris,506219
Lara Crook,1220391
Robert Smith,534551
Jennifer Dillard,495025
Dawn Sarno,2621579
Keisha Mitchell,2772927
Shubham Agrawal,3025100
"Edwin Brainerd, Jr.",333436
Cynthia Pury,1937674
Ben Cotterill,2782387
Jennifer Grandits,2817749
Anna Baker,2856416
Jo Jorgenson,2391301
Eric McKibben,1255257
June Pilcher,474238
Richard Pak,1612043
Jo Anne Jorgensen,876875
Claudio Cantalupo,557034
Mary Taylor,218823
Rick Tyrrell,433797
Susan Limber,2725010
Jenna Van Fossen,3009973
William Volante,2895711
Robert O'Hara,2951106
Mark Small,3041825
Patrick Rosopa,1107850
John Hester,2313491
Cindy Pury,490250
Emma Vosika,3050184
Chris Pagano,499211
Lucinda Quick,2196782
Sarah Sanborn,1941410
Ben Stephens,573594
Anita Tam,2454277
Kaileigh Byrne,2307423
Robin Kowalski,391927
Dustin Souders,2699042
Thomas Britt,462417
Marissa Shuffler,1874529
Tom Britt,2174658
Brooke Bennett,2948652
Robert Sinclair,2770318
Allison Traylor,2896434
Christy Phillips,2974651
Fred Switzer,1185748
Caroline George,2897475
Chelsea Robbins,2863156
Pamela Alley,2632692
Kenzie Hurley,2833740
Reneacute Schmauder,2770051
Jennifer Bisson,1940982
Saeed Garmaroudi,2800330
Ceren Gunsoy,2347117
Peggy Tyler,522083
Mark Zajack,1164321
Bruce King,1050355
Joe Ligato,2220227
Heidi Zinzow,2307877
Chloe Wilson,2541869
James McCubbin,2330650
Pam Alley,260913
Matt St. Pierre,1572367
Robert Campbell,483498
Anton Sytine,2406641
Laura Whitlock,2139166
Leo Gugerty,595087
Leah Hartman,2188701
Drew Morris,2220667
Patrick Raymark,303969
Dewayne Moore,552505
Kristen Jennings,2183517
Jamie Fynes,2089798
Miranda Pelkey,2197578
Thomas Alley,2170459
Laura McClelland,828190
Tom Alley,483494
Allison Wallace,1811758
Paul Merritt,1942001
Eric Muth,370237
Stephanie Whetsel,1902901
Skye Gillispie,1762903
Larry Pace,932180
Netti Summer,1765610
Jason Moss,974548
Amber Schroeder,1409161
Sarah Dubose,1696217
. Brianerd,904409
Johnell Brooks,812572
James Loveless,1680019
Jeremy Mendel,1570156
Melanie Schaffer,1688175
Micah Lattanner,1566148
Scott McIntyre,1212187
Melissa Waitsman,1586072
Jessica Doll,1442174
Lindsay Sears,1438387
Matthew Crisler,1365932
Kate Williams,1355205
Amanda Morgan,3049334
Ralph Welsh,590248
Brooke Brittain,2646463
Micky Ward,2320034
Annah Amani,1991491
Eunhye Kim,3044429
Summer Chandler,3055891
Felipe Tobar,2895916
Jeffrey Hallo,1801866
Matthew Brownlee,2636994
Chadwick Young,3043299
Robert Brookover,1479591
Garret McFerron,2738530
Greg Ramshaw,1639536
Emily Turke,1793101
Gillian Bernabe,2738533
Dan Anderson,2640116
Megan Cato,2829087
William Norman,594063
Samuel Gaines,2682637
Madison Workman,2686126
Akiebia Hicks,2665083
Fran McGuire,258709
Michele Kukler,2828302
Matthew Browning,2639469
Kevin Staley,2661209
Deborah Tysor,2624176
Mariela Fernandez,2635710
Joan Phillips,2585135
Dorothy Schmalz,831619
Jeffrey Skibins,1264038
Zach Miller,1813508
Jesy Cordle,1798506
James Bartee,1557968
Chi-Ok Oh,1078390
Robert Powell,831616
Dorinda Christian,1226727
Robert Stephens,1467942
Brett Patterson,2207463
John Thames,2749983
Mashal Saif,1922621
Benjamin White,1632015
Peter Cohen,905992
Elizabeth Jemison,2127946
Matt Cooper,2846744
Stephen Grosby,600331
Kourtney Wolfe,1069521
Scott Brame,392322
Heather Batt,479911
Greg Batt,2214346
Patricia Marcondes,2413311
Andrew Hurley,998548
Elliot Ennis,2059363
Elizabeth Carraway,829784
Mark Johnson,2550871
Duncan Darby,2210245
Paul Dawson,1710809
Josh Bregy,2973838
Haley Appleby,2696263
Rakhee Pani,2173197
Sara Cothran,2881944
Lisi Campbell,2728427
Patrick Gerard,1205469
Ming Tang,2572903
William Marcotte,80010
Mark Leising,1154706
Mate Adamkovics,2401713
Rakee Pani,2350270
Christine Murphy,2452992
Marvin Doerr,11224
Anthony Pometto,2081150
Robert Moore,1080827
Steven Foulger,1328170
Deborah Lickfield,1351493
Kay Cooksey,2157717
David Tonkyn,50961
Mark Thies,134677
Julie Northcutt,1293372
Lance Beecher,1561484
Patricia Whitener,1910196
John Coates,775919
Heather Borick,926039
Lois Krause,283936
Keenan Adams,1349886
Elena Sachs,981274
Briana Pocratsky,2636371
Anne Grant,2687417
Catherine Mobley,370998
Pamela Mack,392337
Randle Villanueva,2734071
Ken Robinson,922880
Edward Bowers,2118612
Vanessa Dodd,1633412
Hound Dog Elvis,1630639
Andrew Mannheimer,2192145
Shannon McDonough,2069292
YE Luo,1208720
Candace Coffman,2640178
Sarah Groh,3043702
Thomas Maher,2681026
Pierce Greenberg,2948607
William Haller,750520
Connor Powelson,3039843
Jennifer Holland,1077893
Matthew Costello,2512363
Heather Kettrey,2438173
Kenneth Robinson,1934075
Rucha Ambikar,2959896
Miao Li,2546873
Minyoung Moon,2562124
Natallia Sianko,2524945
Kandace Pearson-Schrimsher,2817747
Margaret Britz,754154
K Sturkie,788129
Carolyn Coffman,2204646
James Rosenberger,2421769
Andrew Whitehead,1996817
Negin Sattari,2434999
James Witte,478071
Stacy Smith,2299688
Traci Hefner,2368925
William Wentworth,497584
Mary Barr,1866992
Brenda Vander Mey,828317
william white,1958980
Marissa Yingling,2196784
Corey White,1798101
Rachael Russell,2049177
Stephanie Southworth,1355129
Jeffrey Edwards,1761517
Ellen Granberg,371070
Jennifer Triplett,1859914
Sarah Winslow-Bowe,1115708
Melinda Denton,905995
Harrison Kisner,766536
Steven Nelson,1104474
Justin Green,1466767
Virgil Quisenberry,1002904
Dolores Martin,1802910
Richard Dubsky,597161
Jason Adkins,1391294
Kailey Potter,3068528
Kendra Johnson,845047
Erin Rodgers,3007690
Carol Collins,558127
Becky Becker,2796079
Tony Penna,527377
Davion Brown,3045379
David Hartmann,759065
Kenneth Moore,840006
Shannon Robert,1103184
Seymour Kerrie,1724752
Rick St. Peter,1962902
Alexander Harrington,828845
Nancy Hardesty,333409
Lauren Duffy,1855948
Ken Backman,1118050
Lynne Cory,1299141
Kristin Goodenow,370246
Gugu Selela,2860271
Cecilia Kyalo,3047316
Kathryn Wiley,3042467
Cecilia Ogoti,3045124
Meredith McDevitt,2931032
Elizabeth Adams,1118393
Laura Foxworth,2185567
Cynthia Haynes,1154748
Lauren Stephens,2550064
Jared Colton,1808024
